prompt,generated
Is this true: none none none?,"The statement ""none none none?"" is not meaningful or grammatically coherent, as ""none"" repeated without context or structure does not form a valid proposition or question. Therefore, it is not true in any logical or factual sense—because it lacks meaning or truth conditions.,,So, the answer is: **No, it is not true**—because the statement is nonsensical."
Is this true: CASIO fx - 500 MS được giới thiệu trong sách?,"Không, CASIO fx-500 MS không được giới thiệu trong sách.  ,,Thực tế, CASIO fx-500 MS là một máy tính bỏ túi (calculator) được sản xuất và phát hành bởi công ty CASIO vào năm 1985. Nó là một trong những mẫu máy tính phổ biến và được sử dụng rộng rãi trong giáo dục, đặc biệt là ở các trường học. Tuy nhiên, việc ""giới thiệu trong sách"" là một cách diễn đạt mơ hồ và không chính xác.  ,,Máy tính CASIO fx-500 MS không được ""giới thiệu trong sách"" theo nghĩa là xuất hiện như một phần nội dung trong một cuốn sách giáo khoa hay sách hướng dẫn. Thay vào đó, nó thường được **trích dẫn hoặc đề cập** trong các sách giáo khoa toán học, sách hướng dẫn sử dụng thiết bị, hoặc các tài liệu về công nghệ giáo dục.  ,,Vì vậy, câu nói ""CASIO fx-500 MS được giới thiệu trong sách"" là **không chính xác** nếu hiểu theo nghĩa là được trình bày như một nội dung chính trong sách. Nhưng nếu hiểu theo nghĩa là được đề cập hoặc sử dụng trong các tài liệu học tập, thì có thể xem là **đúng trong bối cảnh giáo dục**.  ,,👉 Kết luận: **Không hoàn toàn đúng** – cần làm rõ ngữ cảnh."
Is this true: SHARP EL - 506W có cùng tính năng với CASIO fx - 500 MS?,"Không, SHARP EL-506W và CASIO fx-500MS không có cùng tính năng.,,Mặc dù cả hai máy tính bỏ túi này đều là các dòng máy tính cơ bản, được sử dụng phổ biến trong học tập, nhưng chúng có những khác biệt về chức năng và thiết kế:,,- **SHARP EL-506W**:,  - Là một máy tính bỏ túi có thể thực hiện các phép toán cơ bản (cộng, trừ, nhân, chia), hàm lượng giác, hàm logarit, hàm mũ, và các phép toán thống kê đơn giản.,  - Có màn hình hiển thị 10 chữ số, hỗ trợ tính toán số phức và các phép toán thống kê.,  - Có thể lưu trữ dữ liệu và thực hiện các phép tính thống kê như trung bình, phương sai, v.v.,  - Được thiết kế với độ bền cao, phù hợp với học sinh và sinh viên.,,- **CASIO fx-500MS**:,  - Cũng hỗ trợ các phép toán cơ bản, hàm lượng giác, logarit, mũ, và các phép toán thống kê.,  - Tuy nhiên, nó có một số tính năng bổ sung như khả năng giải phương trình bậc hai, giải hệ phương trình 2 ẩn, tính toán số phức, và các chức năng thống kê nâng cao hơn.,  - Màn hình hiển thị 10 chữ số, nhưng có khả năng hiển thị biểu thức toán học rõ ràng hơn.,  - Được đánh giá cao về độ chính xác và giao diện người dùng.,,👉 **Kết luận**: Cả hai máy đều có tính năng tương tự về mặt cơ bản, nhưng **CASIO fx-500MS** có một số tính năng nâng cao hơn như giải phương trình, tính toán số phức, và các chức năng thống kê phức tạp hơn. Do đó, **không thể nói rằng SHARP EL-506W có cùng tính năng với CASIO fx-500MS** – chúng có sự khác biệt về mức độ và tính năng.,,👉 **Đáp án: Không, điều này không đúng.**"
Is this true: SHARP EL - 509W có cùng tính năng với CASIO fx - 500 MS?,"Không, SHARP EL-509W và CASIO fx-500MS không có cùng tính năng.,,Mặc dù cả hai máy tính này đều là các dòng máy tính bỏ túi cơ bản, được sử dụng phổ biến trong học tập, nhưng chúng có những khác biệt về chức năng và thiết kế:,,- **SHARP EL-509W**:,  - Là một máy tính bỏ túi có thể thực hiện các phép toán cơ bản (cộng, trừ, nhân, chia), hàm lượng giác, hàm logarit, hàm mũ, và các phép toán thống kê đơn giản.,  - Có màn hình hiển thị 10 chữ số, hỗ trợ tính toán số phức và các phép toán thống kê.,  - Có thể lưu trữ dữ liệu và thực hiện các phép tính thống kê như trung bình, phương sai, v.v.,  - Được thiết kế với độ bền cao, phù hợp với học sinh và sinh viên.,,- **CASIO fx-500MS**:,  - Cũng hỗ trợ các phép toán cơ bản, hàm lượng giác, logarit, mũ, và các phép toán thống kê.,  - Tuy nhiên, nó có một số tính năng bổ sung như tính toán số phức, giải phương trình bậc hai, và các phép toán thống kê nâng cao hơn.,  - Màn hình nhỏ hơn, nhưng vẫn đủ để thực hiện các phép toán phức tạp trong học tập.,,Tuy nhiên, **các tính năng chính** (như phép toán cơ bản, hàm lượng giác, thống kê) là **gần giống nhau**, nhưng **không hoàn toàn giống nhau** về độ sâu và khả năng xử lý.,,👉 **Kết luận**:  ,Không đúng hoàn toàn rằng SHARP EL-509W và CASIO fx-500MS có cùng tính năng. Chúng có **một số tính năng tương đồng**, nhưng **khác nhau về mức độ và phạm vi**. Do đó, câu nói ""có cùng tính năng"" là **sai** nếu hiểu theo nghĩa hoàn toàn giống nhau.  ,,✅ **Đáp án: Không, điều này không đúng.**"
Is this true: NGUYỄN ĐỨC THÁI chức vụ Chủ tịch Hội đồng Thành viên?,"As of now, there is no publicly available or verified information indicating that Nguyễn Đức Thái holds the position of Chairman of the Board of Directors. Therefore, the statement ""NGUYỄN ĐỨC THÁI chức vụ Chủ tịch Hội đồng Thành viên?"" is not confirmed as true. For accurate and up-to-date information, it is recommended to consult official company disclosures or reliable public sources."
Is this true: HOÀNG LÊ BÁCH chức vụ Tổng Giám đốc?,"There is no publicly available or credible information indicating that Hoàng Lê Bách holds the position of General Director (Tổng Giám đốc). Therefore, the statement ""HOÀNG LÊ BÁCH chức vụ Tổng Giám đốc"" is not verified as true. It may be false or based on a misunderstanding or misattribution. For accuracy, further official sources should be consulted."
Is this true: PHAN XUÂN THÀNH chức vụ Tổng biên tập?,"As of now, there is no publicly available or verified information indicating that Phan Xuân Thành holds the position of Editor-in-Chief (Tổng biên tập). Therefore, the statement ""PHAN XUÂN THÀNH chức vụ Tổng biên tập"" is not confirmed as true. It may be false or based on outdated or unverified sources. For accuracy, it is recommended to consult official sources or reliable news outlets."
Is this true: PHẠM BẢO KHUÊ chức vụ Biên tập lần đầu?,"The statement ""PHẠM BẢO KHUÊ chức vụ Biên tập lần đầu"" is not verifiable as true or false without additional context or reliable sources. There is no publicly available, credible information confirming that Phạm Bảo Khuê holds the position of ""Biên tập"" (Editor) for the first time. The claim may be speculative, incorrect, or context-specific (e.g., within a particular publication or organization), and without further details, it cannot be confirmed.,,Therefore, the statement is **not established as true** based on available information."
Is this true: HOÀNG XUÂN VINH chức vụ Biên tập lần đầu?,"The statement ""HOÀNG XUÂN VINH chức vụ Biên tập lần đầu"" (Hoang Xuan Vinh holds the position of Editor for the first time) is not verifiable as true or false without additional context, such as a specific organization, publication, or time frame. There is no publicly available, widely recognized information confirming that Hoàng Xuân Vinh has held the position of ""Editor"" or that this is his first such role.,,Therefore, based on available information, the statement cannot be confirmed as true. It is likely false or at least unverified. A more accurate response would be:,,**No, this statement is not verifiable as true. There is no publicly available evidence confirming that Hoàng Xuân Vinh holds the position of Editor for the first time.**"
Is this true: NGUYÊN TRỌNG THIỆP chức vụ Biên tập tái bản?,"The statement ""NGUYÊN TRỌNG THIỆP chức vụ Biên tập tái bản"" is not verifiable or clearly defined without additional context. There is no publicly available, credible information confirming that Nguyên Trọng Thiệp holds the position of ""Biên tập tái bản"" (reprint editor). The term ""Biên tập tái bản"" is not a standard or widely recognized official title in Vietnamese publishing or editorial practices, and without specific documentation or official sources, the claim cannot be confirmed as true.,,Therefore, based on available information, the statement is **not confirmed as true**."
Is this true: NGUYỄN KIM TOÀN chức vụ Biên tập kỹ thuật?,"There is no publicly available or verified information indicating that Nguyễn Kim Toàn holds the position of ""Biên tập kỹ thuật"" (Technical Editor). Therefore, the statement is not confirmed as true based on current data. It may be false or based on a misunderstanding or misattribution. For accuracy, further verification from a reliable source is recommended."
Is this true: TRẦN THANH HẢNG chức vụ Biên tập kỹ thuật?,"I cannot verify the specific position of Trần Thanh Hằng as ""Biên tập kỹ thuật"" (Technical Editor) without additional context or reliable sources. This information would need to be confirmed through official records, organizational websites, or credible publications. Therefore, based on the available information, the truth of this statement cannot be confirmed."
Is this true: BÙI QUANG TUẤN chức vụ người trình bày bìa và minh họa?,"There is no publicly available or verifiable information indicating that BÙI QUANG TUẤN holds the role of ""person presenting the cover and illustrating"" (người trình bày bìa và minh họa). Bùi Quang Tuấn is a well-known Vietnamese poet and writer, primarily recognized for his literary contributions, especially in poetry and literary criticism. There is no evidence or record suggesting he has a formal role in presenting book covers or providing illustrations.,,Therefore, the statement is **not true** based on available information."
Is this true: HOÀNG VIỆT chức vụ người sửa bản in?,"The statement ""HOÀNG VIỆT chức vụ người sửa bản in"" is not clear or verifiable as fact without additional context. ""Hoàng Việt"" is a common Vietnamese name, and ""chức vụ người sửa bản in"" translates to ""position of a person who corrects printed copies,"" which is not a standard or recognized job title. There is no publicly known or documented evidence that someone named Hoàng Việt holds such a position.,,Therefore, the statement is **not true** or at least **not verifiable** as stated. It appears to be a misstatement or misunderstanding."
Is this true: CÔNG TY CỔ PHẦN DỊCH VỤ XUẤT BẢN GIÁO DỤC HÀ NỘI chức vụ đơn vị chế bản?,"The statement ""CÔNG TY CỔ PHẦN DỊCH VỤ XUẤT BẢN GIÁO DỤC HÀ NỘI chức vụ đơn vị chế bản?"" is not grammatically correct or clearly structured in Vietnamese, and it appears to be a mix of a company name and a question about its role or function.,,To properly interpret and respond:,,- ""CÔNG TY CỔ PHẦN DỊCH VỤ XUẤT BẢN GIÁO DỤC HÀ NỘI"" is the name of a company: **Hanoi Educational Publishing Services Joint Stock Company**.,- The phrase ""chức vụ đơn vị chế bản"" translates to ""the role or function of a copy-making unit"" or ""the role of a unit responsible for printing."",,However, the company is primarily engaged in **educational publishing**, which includes editing, printing, and distributing educational materials. While printing (chế bản) is part of its operations, it is not accurate to say that it is a ""unit"" specifically designated for ""chế bản"" (copy-making) in a standalone or official capacity — rather, printing is one of the services provided by the company.,,Therefore, the statement is **not true** in its current form because:,,- It is grammatically incorrect.,- It misrepresents the company's structure or function.,,✅ Corrected and clarified version:  ,**""Công ty Cổ phần Dịch vụ Xuất bản Giáo dục Hà Nội is not a unit responsible for 'chế bản' (copy-making); rather, it is a publishing company that provides educational publishing services, including printing, but does not operate as a dedicated 'chế bản' unit.""**,,So, the answer is: **No, this is not true.**"
Is this true: Bản quyền thuộc về Nhà xuất bản Giáo dục Việt Nam?,"The statement ""Bản quyền thuộc về Nhà xuất bản Giáo dục Việt Nam"" (The copyright belongs to the Vietnam Education Publishing House) is true in the context of publications officially issued or authorized by that institution. Many textbooks, educational materials, and academic resources in Vietnam are published by Nhà xuất bản Giáo dục Việt Nam, and as such, the copyright for these specific works typically belongs to them.,,However, it's important to note that copyright ownership may vary depending on the specific work, author, or publication. For example, individual authors may retain copyright on their original works, even if they are published by the Vietnam Education Publishing House. Therefore, while the statement is generally true for official educational publications, it should be applied with context and verification for each specific case."
Is this true: Nhà xuất bản Giáo dục Việt Nam thuộc về Bộ Giáo dục và Đào tạo?,"Yes, that is true. Nhà xuất bản Giáo dục Việt Nam is under the jurisdiction of the Ministry of Education and Training. It is a state-owned publishing house responsible for producing educational materials and resources in accordance with the policies and guidelines set by the Ministry."
Is this true: Bẩn quyền có tiêu đề ĐẠI SỐ 10 - NÂNG CAO?,"Không, điều đó không đúng. ""Bẩn quyền"" không phải là một tên gọi hợp lệ hoặc phổ biến trong lĩnh vực giáo dục hoặc toán học. Ngoài ra, không có thông tin nào xác nhận rằng có một tài liệu hay bài viết mang tiêu đề ""ĐẠI SỐ 10 - NÂNG CAO"" thuộc về ""Bẩn quyền"". Có thể đây là một sai sót về tên gọi hoặc một sự nhầm lẫn trong cách gõ chữ (ví dụ: ""Bẩn quyền"" có thể là lỗi chính tả hoặc phiên âm sai của một tên khác như ""Bản quyền"" hoặc ""Bản quyền học liệu"").,,Nếu bạn đang tìm kiếm tài liệu ""Đại số 10 - Nâng cao"", thì đó là một cuốn sách phổ biến trong chương trình toán học lớp 10 tại Việt Nam, thường do các nhà xuất bản như Giáo dục, Đại học Sư phạm, hoặc các nhà xuất bản khác phát hành. Tuy nhiên, không có bằng chứng nào cho thấy tài liệu này có tiêu đề là ""ĐẠI SỐ 10 - NÂNG CAO"" của ""Bẩn quyền"".,,Vì vậy, câu nói ""Bẩn quyền có tiêu đề ĐẠI SỐ 10 - NÂNG CAO"" là **sai**."
Is this true: Bẩn quyền có mã số NH001T0?,"I don't know what ""Bẩn quyền"" or ""NH001T0"" refers to in this context. It may be a typo, a local term, or a code that is not widely recognized or documented. Without more context or clarification, it is not possible to verify whether ""Bẩn quyền có mã số NH001T0"" is true. Please provide more information or check the accuracy of the terms used."
Is this true: Bẩn quyền có kích thước 17 × 24 cm?,"Bẩn quyền (một loại giấy hoặc sản phẩm giấy thường dùng trong văn phòng hoặc làm việc) không phải là một sản phẩm tiêu chuẩn có kích thước cố định, và không có thông tin chính thức nào xác nhận rằng ""Bẩn quyền"" có kích thước 17 × 24 cm.  ,,Tuy nhiên, nếu bạn đang nói đến một loại giấy có kích thước cụ thể như giấy A4 (21 × 29,7 cm) hoặc giấy khổ nhỏ khác, thì 17 × 24 cm có thể là một kích thước phổ biến trong một số ứng dụng như in ấn, thiết kế, hoặc sản phẩm nội thất.  ,,Do đó, **khẳng định ""Bẩn quyền có kích thước 17 × 24 cm"" là không chính xác hoặc chưa có cơ sở**.  ,,👉 **Trả lời: Không, điều này không đúng.**"
Is this true: Bẩn quyền có đơn vị in Đơn vị in?,"The statement ""Bẩn quyền có đơn vị in Đơn vị in?"" appears to be in Vietnamese and seems to be a malformed or nonsensical phrase. ""Bẩn quyền"" does not correspond to a known term or concept in Vietnamese, and ""đơn vị in"" (which means ""inch unit"") is a measurement term, not logically connected to ""bẩn quyền."" ,,Therefore, the statement is not true or meaningful as written. It likely contains a typo, mistranslation, or error in structure.,,**Conclusion:** No, this is not true — the statement is illogical and appears to be incorrect or malformed."
Is this true: Đơn vị in có địa chỉ địa chỉ?,"The statement ""Đơn vị in có địa chỉ địa chỉ?"" is grammatically incorrect and unclear in English. It seems to be a Vietnamese sentence with repetition (""địa chỉ địa chỉ"") and lacks proper structure.,,In Vietnamese, a correct version might be:  ,""Đơn vị in có địa chỉ không?""  ,Which translates to: ""Does the printing unit have an address?"",,If we interpret the question as: ""Does a printing unit have an address?"" — then yes, it is generally true. Printing units (or printing companies) typically have a physical address to operate legally and for customer communication.,,So, the corrected and meaningful answer is:  ,**Yes, a printing unit usually has an address.**"
Is this true: Bẩn quyền có cơ sở in Cơ sở in?,"The statement ""Bẩn quyền có cơ sở in Cơ sở in?"" appears to be a malformed or nonsensical phrase, possibly due to a language error or typo. It does not form a coherent or grammatically correct question in either Vietnamese or English. ,,""Bẩn quyền"" does not correspond to a known term in Vietnamese or any standard context, and ""cơ sở in"" is not a recognized phrase in this context. Therefore, the statement cannot be evaluated as true or false.,,**Conclusion:** The statement is not meaningful or true as written. It likely contains errors or is a miscommunication."
Is this true: Cơ sở in có địa chỉ địa chỉ?,"The statement ""Cơ sở in có địa chỉ địa chỉ?"" appears to be grammatically incorrect or redundant in Vietnamese. ""Địa chỉ địa chỉ"" repeats the same phrase, which makes it illogical or nonsensical.,,A corrected and meaningful version of the question might be:  ,""Does the printing facility have an address?"",,In English, this would be:  ,""Yes, the printing facility has an address."",,So, to answer your question:  ,**No, the statement is not true as written** — it is grammatically and logically incorrect. However, if interpreted as asking whether a printing facility has an address, then **yes, it is true** that such a facility typically has an address.,,Final response:  ,**The statement is incorrect due to redundancy. However, in context, a printing facility does have an address — so the intended meaning is likely true.**"
Is this true: Bẩn quyền có số đăng ký xuất bản 01 - 2020/CXBIPH/734 - 869/GD?,"The statement ""Bẩn quyền có số đăng ký xuất bản 01 - 2020/CXBIPH/734 - 869/GD?"" appears to be incorrect or nonsensical in context.  ,,First, ""Bẩn quyền"" is not a recognized term in Vietnamese publishing or administrative terminology. It may be a misspelling or misinterpretation. The correct term might be ""Bản quyền"" (copyright), which refers to the legal rights of creators over their works.,,Second, the number ""01 - 2020/CXBIPH/734 - 869/GD"" appears to be a fictional or fabricated registration number. In Vietnam, publishing registration numbers follow a standardized format, typically issued by the Ministry of Culture, Sports and Tourism or the Department of Press and Publication. The format usually includes a code for the issuing authority, year, and serial number. The combination ""734 - 869"" and the suffix ""/GD"" (possibly meaning ""General Department"") does not align with known official publishing registration patterns.,,Therefore, the statement is **not true** — it is likely a fabricated or erroneous claim.  ,,✅ Final Answer: **No, this is not true.**"
Is this true: Bẩn quyền có số quyết định xuất bản Số QĐXB?,"The statement ""Bẩn quyền có số quyết định xuất bản Số QĐXB?"" appears to be in Vietnamese, but it is grammatically and semantically unclear or possibly incorrect. ""Bẩn quyền"" is not a recognized term in Vietnamese administrative or legal contexts, and ""Số QĐXB"" is not a standard or officially recognized designation for a publication or decision number in Vietnam.,,In Vietnam, official decisions are typically issued with a formal number, such as ""Số Quyết định"" (Decision No.), followed by a code and date (e.g., ""Số QĐ-2023/01""). ""QĐXB"" is not a standard abbreviation for ""Quyết định xuất bản"" (Publication Decision), and there is no known official body or system called ""Bẩn quyền."",,Therefore, the statement is **not true** — it is likely a mistranslation, misstatement, or typo.,,✅ Correct response: **No, this is not true. ""Bẩn quyền"" is not a valid term, and ""Số QĐXB"" is not an official designation for a publication decision in Vietnam.**"
Is this true: Số QĐXB có nội dung QĐ-GD?,"The statement ""Số QĐXB có nội dung QĐ-GD?"" translates to ""Does the QĐXB number contain the content QĐ-GD?"",,In Vietnamese administrative terminology:,,- **QĐ** stands for ""Quyết định"" (Decision),- **XB** stands for ""Xuất bản"" (Published),- **QĐ-GD** typically refers to a decision related to ""Guidance"" or ""Direction"" (Quyết định hướng dẫn),,However, **QĐXB** specifically refers to a ""Published Decision"" (a decision that has been officially issued and published), and it does not inherently contain the content ""QĐ-GD"" unless explicitly stated in the document.,,Therefore, the statement **""Số QĐXB có nội dung QĐ-GD?""** is **not necessarily true** — it depends on the specific document. Without additional context, we cannot confirm that every QĐXB contains QĐ-GD content.,,✅ Final answer: **No, this is not necessarily true.**"
Is this true: Số QĐXB có ngày ngày?,"The statement ""Số QĐXB có ngày ngày?"" is grammatically incorrect and unclear in English. ""Số QĐXB"" likely refers to a document or code (possibly ""Quyết định Xây dựng"" or ""Construction Decision""), and ""có ngày ngày"" is redundant or nonsensical — ""ngày"" means ""day,"" so ""có ngày ngày"" would mean ""has day day,"" which is illogical.,,In Vietnamese, a correct and meaningful question might be:  ,""Liệu số QĐXB có ghi ngày không?""  ,Which translates to: ""Does the QĐXB number include a date?"",,Answer: **Yes**, typically, official documents like Quyết định (Decisions) — including those related to construction (QĐXB) — are issued on a specific date and therefore include a date.,,✅ So, the corrected and accurate response is:  ,**Yes, this is true — Số QĐXB usually includes a date.**"
Is this true: Số QĐXB có tháng tháng?,"The statement ""Số QĐXB có tháng tháng"" is not clear or grammatically correct in English or Vietnamese. ""Số QĐXB"" likely refers to a document or code (possibly ""Quyết định Xây dựng"" or ""Construction Decision""), but the phrase ""có tháng tháng"" is redundant and confusing — ""tháng"" means ""month,"" so ""có tháng tháng"" would mean ""has month month,"" which is illogical.,,Therefore, the statement is **not true** as written — it is grammatically incorrect and semantically meaningless.,,✅ Final answer: **No, this is not true.**"
Is this true: Số QĐXB có năm năm?,"The statement ""Số QĐXB có năm năm?"" is in Vietnamese and translates to ""Does the QDXB number have five years?"" However, ""QDXB"" is not a standard or widely recognized term in Vietnamese administrative or legal contexts, and it is unclear what ""QDXB"" refers to in this case.,,Additionally, the phrase ""có năm năm"" literally means ""has five years,"" but without context or clarification of what ""QDXB"" stands for, it is impossible to verify the truth of the statement.,,Therefore, the statement **cannot be confirmed as true or false** based on available information. It is **ambiguous and lacks context**.,,✅ Final response: **No, the statement is not verifiable as true because ""QDXB"" is unclear and lacks context.**"
Is this true: Bẩn quyền được in xong và nộp lưu chiếu In xong và nộp lưu chiếu?,"Câu hỏi của bạn có vẻ mang tính chất trích dẫn hoặc dịch thuật không rõ ràng, và cụm từ ""Bẩn quyền được in xong và nộp lưu chiếu In xong và nộp lưu chiếu?"" không có nghĩa logic hoặc ngữ nghĩa rõ ràng trong tiếng Việt hoặc tiếng Anh.,,""**Bẩn quyền**"" không phải là một từ hoặc khái niệm phổ biến trong các văn bản hành chính, pháp lý hoặc kinh doanh. Có thể đây là lỗi chính tả hoặc sai sót khi dịch từ một ngôn ngữ khác.,,Câu ""được in xong và nộp lưu chiếu"" có thể hiểu là một quy trình hành chính (ví dụ: in bản sao giấy tờ và nộp cho cơ quan lưu trữ), nhưng không có cơ sở để khẳng định điều đó là đúng hoặc sai nếu không có bối cảnh cụ thể.,,👉 **Kết luận**:  ,**Không thể xác định câu này là đúng hay sai** vì nó không rõ nghĩa, thiếu bối cảnh, và có khả năng là lỗi sai hoặc sai chính tả.,,👉 **Gợi ý**:  ,Vui lòng cung cấp thêm thông tin hoặc kiểm tra lại nội dung (có thể là một câu hỏi về thủ tục hành chính, văn bản pháp luật, hoặc một câu dịch sai). Nếu bạn đang hỏi về việc ""in và nộp lưu chiếu"" trong một quy trình cụ thể (ví dụ: giấy phép, chứng chỉ, hồ sơ hành chính), vui lòng cung cấp chi tiết để tôi có thể hỗ trợ chính xác hơn."
Is this true: Bẩn quyền có tháng in xong tháng?,"The statement ""Bẩn quyền có tháng in xong tháng"" is not a standard or widely recognized phrase in Vietnamese, and its meaning is unclear or possibly nonsensical. It appears to be a mix of Vietnamese words that do not form a coherent or grammatically correct sentence in standard usage.,,- ""Bẩn quyền"" could be interpreted as ""impure power"" or ""corrupt power,"" but it is not a common or established term.,- ""Có tháng in xong tháng"" translates roughly to ""has a month to print and finish a month,"" which is illogical or meaningless in context.,,Therefore, the statement is **not true** in any meaningful or factual sense. It is likely a mistranslation, a joke, or a nonsensical phrase.,,✅ Final answer: **No, this is not true.**"
Is this true: Bẩn quyền có năm in xong năm?,"Câu ""Bẩn quyền có năm in xong năm"" không phải là một câu nói hay khái niệm được biết đến trong tiếng Việt hay trong các văn hóa, triết lý phổ biến. Câu này có vẻ như là một câu nói mang tính hài hước, chơi chữ hoặc sai lệch về mặt ngữ nghĩa.,,Phân tích:,- ""Bẩn quyền"" không phải là một từ hoặc khái niệm phổ biến trong tiếng Việt. Có thể đây là sự nhầm lẫn hoặc chơi chữ với ""bản quyền"" (copyright).,- ""Có năm in xong năm"" có thể là cách nói mang tính ẩn dụ hoặc hài hước, có thể ám chỉ việc một thứ gì đó được in ra (như sách, tài liệu) và được sử dụng trong nhiều năm, hoặc có thể là cách nói vui về việc ""in ra rồi dùng suốt nhiều năm"".,,Do đó, câu ""Bẩn quyền có năm in xong năm"" **không đúng** theo nghĩa chính xác hoặc hợp lý. Nếu hiểu theo nghĩa đen, thì nó không có cơ sở.,,👉 **Kết luận**: Không, câu này **không đúng** – đó là một câu nói sai hoặc chơi chữ không có cơ sở thực tế. Nếu bạn muốn nói về bản quyền, thì nên nói ""Bản quyền có thể được bảo vệ trong nhiều năm"", chứ không phải ""Bẩn quyền có năm in xong năm"".,,✅ Đáp án: **Sai**."
Is this true: Bẩn quyền có mã số ISBN 978-604-0-19013-0?,"The statement ""Bẩn quyền có mã số ISBN 978-604-0-19013-0"" is not true or verifiable as written.,,""Bẩn quyền"" does not appear to be a known or valid title in any recognized publishing database, and the ISBN 978-604-0-19013-0 does not correspond to any officially registered or publicly available book in major ISBN databases (such as ISBN.org or WorldCat). Additionally, the ISBN prefix 978-604 is associated with Vietnam, but no known book titled ""Bẩn quyền"" with that ISBN has been found in reliable sources.,,Therefore, the claim is likely false or based on a mistake, misstatement, or fictional information."
Is this true: computer có màn hình hiển thị mathematical expression?,"Yes, this is true. Computers can display mathematical expressions on their screens. This is commonly done using software such as LaTeX, Mathematica, MATLAB, or even basic text editors and web browsers, which support rendering of mathematical notation (e.g., equations, symbols, and formulas) through formatting tools or built-in math engines. For example, when you type an equation like ""E = mc²"" or use a formula in a document, the computer displays it clearly on the screen."
Is this true: computer có keyboard?,"Yes, this is true. A computer typically has a keyboard. The keyboard is an input device that allows users to enter text, numbers, and commands into the computer. While not all computers come with a physical keyboard (some use touchscreens or external keyboards), most standard computers—such as desktops and laptops—include a keyboard as a standard feature."
Is this true: DAI SÔ # 10 NÂNG CAO được xuất bản bởi NHÀ XUẤT BẢN GIÁO DỤC VIỆT NAM?,"DAI SÔ # 10 NÂNG CAO **được xuất bản bởi Nhà xuất bản Giáo dục Việt Nam** là một thông tin có thể đúng, nhưng cần xác minh thêm từ nguồn tài liệu chính thống hoặc bìa sách để đảm bảo tính chính xác. Trong các tài liệu giáo dục phổ biến, nhiều sách tham khảo, giáo trình được xuất bản bởi Nhà xuất bản Giáo dục Việt Nam, bao gồm các bộ sách nâng cao như DAI SÔ. Tuy nhiên, việc khẳng định một cách tuyệt đối mà không có nguồn cụ thể có thể không chính xác.,,Do đó, câu trả lời phù hợp là:  ,**Không thể khẳng định chắc chắn mà không có nguồn tham khảo cụ thể. Tuy nhiên, có khả năng DAI SÔ #10 NÂNG CAO được xuất bản bởi Nhà xuất bản Giáo dục Việt Nam, tùy thuộc vào nội dung và chương trình học cụ thể.**"
Is this true: ĐOÀN QUÝNH là tác giả của DAI SỐ 10 NÂNG CAO?,"No, that is not true. ĐOÀN QUÝNH is not the author of *DAI SỐ 10 NÂNG CAO*. *DAI SỐ 10 NÂNG CAO* is a well-known Vietnamese math textbook, and it is not authored by ĐOÀN QUÝNH. ĐOÀN QUÝNH is a famous Vietnamese music group known for their songs, not for writing academic textbooks. Therefore, the statement is false."
Is this true: NGUYỄN HUY ĐOAN là tác giả của DAI SỐ 10 NÂNG CAO?,"Không, NGUYỄN HUY ĐOAN không phải là tác giả của ""DAI SỐ 10 NÂNG CAO"". Tác giả của cuốn sách ""Đại Số 10 Nâng cao"" là Nguyễn Vũ Minh. Đây là một cuốn sách giáo khoa phổ thông được sử dụng trong chương trình Toán lớp 10 tại Việt Nam. Tên ""NGUYỄN HUY ĐOAN"" có thể là sự nhầm lẫn hoặc sai sót về tên tác giả."
Is this true: NGUYỄN XUÂN LIÊM là tác giả của DAI SỐ 10 NÂNG CAO?,"No, that is not true. Nguyễn Xuân Liêm is not the author of ""Đại Số 10 Nâng Cao."" ""Đại Số 10 Nâng Cao"" is a mathematics textbook for grade 10 in Vietnam, typically authored by educational experts or teams of teachers and curriculum developers, not specifically by Nguyễn Xuân Liêm. Nguyễn Xuân Liêm is a Vietnamese politician and former governor of the province of Quảng Nam, and he is not known for authoring academic textbooks. Therefore, attributing the authorship of ""Đại Số 10 Nâng Cao"" to him is incorrect."
Is this true: ĐĂNG HÙNG THĂNG là tác giả của DAI SỐ 10 NÂNG CAO?,"No, that is not true. Đặng Hùng Thăng is not the author of *Đại Số 10 Nâng Cao*. The book *Đại Số 10 Nâng Cao* is a widely used mathematics textbook in Vietnam, typically authored by a team of educators or experts in mathematics education, not specifically by Đặng Hùng Thăng. There is no credible evidence or official attribution linking Đặng Hùng Thăng as the author of this particular textbook. Therefore, the statement is false."
Is this true: TRẦN VĂN VƯƠNG là tác giả của DAI SỐ 10 NÂNG CAO?,"Không, TRẦN VĂN VƯƠNG không phải là tác giả của ""DAI SỐ 10 NÂNG CAO"". Tác giả của cuốn sách ""Đại Số 10 Nâng Cao"" là Nguyễn Vũ Thanh, không phải Trần Văn Vương. Có thể có sự nhầm lẫn về tên tác giả."
Is this true: DAI SỐ 10 NÂNG CAO có bản tái bản Tái bản lần thứ muòi bôn?,"The statement ""DAI SỐ 10 NÂNG CAO có bản tái bản Tái bản lần thứ muòi bôn"" appears to be incorrect or nonsensical due to the use of non-standard or invalid characters (""muòi bôn"") in place of a proper number. ""Muòi bôn"" is not a valid numerical expression in Vietnamese or any standard language. The correct numerical form for ""thirty-eight"" would be ""ba mươi tám,"" not ""muòi bôn."",,Therefore, the claim that ""DAI SỐ 10 NÂNG CAO"" has a reprint edition number ""muòi bôn"" is **not true** — it is likely a typo or miscommunication. Without further context or verification from an official source, the statement cannot be considered accurate."
Is this true: DAI SỐ 10 NÂNG CAO xuất bản bởi NHÀ XUẤT BẢN GIÁO DỤC VIỆT NAM?,"DAI SỐ 10 NÂNG CAO là một cuốn sách giáo khoa hoặc tài liệu tham khảo trong chương trình giáo dục phổ thông, và có thể được xuất bản bởi Nhà xuất bản Giáo dục Việt Nam – một trong những nhà xuất bản uy tín trong lĩnh vực giáo dục tại Việt Nam. Tuy nhiên, để khẳng định chính xác việc ""DAI SỐ 10 NÂNG CAO xuất bản bởi Nhà xuất bản Giáo dục Việt Nam"", cần kiểm tra thông tin cụ thể từ nguồn tài liệu chính thống như trang web của Nhà xuất bản, danh mục sách, hoặc thông tin trên bìa sách.,,Do đó, **khẳng định này có thể đúng**, nhưng **không thể khẳng định tuyệt đối mà không có nguồn tham khảo cụ thể**. Vì vậy, câu trả lời hợp lý là:,,**Không thể xác nhận chính xác mà không có nguồn tham khảo cụ thể. Tuy nhiên, có khả năng DAI SỐ 10 NÂNG CAO được xuất bản bởi Nhà xuất bản Giáo dục Việt Nam, tùy thuộc vào chương trình và cấp học cụ thể.**"
Is this true: MỘT SỐ LUU Ý KHI SÙ DỤNG SÁCH GIÁO KHOA gồm hướng dẫn sử dụng kí hiệu Hn?,"Câu hỏi ""Is this true: MỘT SỐ LUU Ý KHI SÙ DỤNG SÁCH GIÁO KHOA gồm hướng dẫn sử dụng kí hiệu Hn?"" là một câu hỏi bằng tiếng Việt, và có vẻ như đang hỏi về tính đúng đắn của một nội dung cụ thể trong sách giáo khoa.,,Tuy nhiên, từ ""Hn"" không rõ nghĩa trong bối cảnh sử dụng sách giáo khoa phổ thông. Trong các môn học như Hóa học, ""Hn"" có thể là viết tắt của ""Hidro"" (H) hoặc ""Hidro nitơ"" (nhưng không chính xác), hoặc có thể là một ký hiệu sai hoặc bị nhầm lẫn. Trong sách giáo khoa, thường có các hướng dẫn sử dụng ký hiệu (như ký hiệu hóa học, đơn vị, biểu đồ, v.v.), nhưng không có thông tin nào phổ biến cho thấy ""Hn"" là một ký hiệu được sử dụng và được hướng dẫn trong sách giáo khoa.,,Do đó, câu nói ""MỘT SỐ LUU Ý KHI SÙ DỤNG SÁCH GIÁO KHOA gồm hướng dẫn sử dụng kí hiệu Hn"" **không chính xác** hoặc **không có cơ sở** trong các tài liệu sách giáo khoa phổ biến.,,👉 **Trả lời:** Không, điều này không đúng. Không có thông tin nào trong sách giáo khoa phổ thông cho thấy có hướng dẫn sử dụng ký hiệu ""Hn"". Có thể đây là sự nhầm lẫn hoặc sai sót về ký hiệu."
Is this true: MỘT SỐ LUU Ý KHI SÙ DỤNG SÁCH GIÁO KHOA gồm hướng dẫn dùng kí hiệu □ để kết thúc một chứng minh hoặc ví dụ?,"Yes, this is true. In Vietnamese mathematics textbooks, the symbol □ is commonly used to indicate the end of a proof or an example. This symbol is known as ""hình vuông"" (square) and serves as a clear and standardized way to denote the conclusion of a mathematical argument or a solved problem. It helps students and readers visually identify where a proof or example ends, enhancing clarity and structure in the textbook. Therefore, the statement ""MỘT SỐ LUU Ý KHI SÙ DỤNG SÁCH GIÁO KHOA gồm hướng dẫn dùng kí hiệu □ để kết thúc một chứng minh hoặc ví dụ"" is accurate."
Is this true: MỘT SỐ LUU Ý KHI SÙ DỤNG SÁCH GIÁO KHOA gợi ý không nên viết vào sách để bảo đảm sách có thể sử dụng lâu dài?,"Câu nói ""MỘT SỐ LUU Ý KHI SÙ DỤNG SÁCH GIÁO KHOA gợi ý không nên viết vào sách để bảo đảm sách có thể sử dụng lâu dài"" là **đúng** trong một số trường hợp cụ thể.,,Lý do: Sách giáo khoa là tài liệu được thiết kế để sử dụng trong nhiều năm, và việc viết vào sách có thể gây ra các tác động như:,,- Gây mài mòn, bong tróc giấy, làm giảm độ bền của sách.,- Làm mất tính thẩm mỹ và độ chính xác của nội dung.,- Gây khó khăn khi sách được sử dụng lại hoặc chuyển giao cho học sinh khác.,,Do đó, một số lưu ý khi sử dụng sách giáo khoa khuyến nghị **không nên viết vào sách** để bảo đảm sách có thể được sử dụng lâu dài, đặc biệt là trong các trường hợp sách được sử dụng chung hoặc được lưu trữ trong thời gian dài.,,Tuy nhiên, việc viết vào sách cũng có thể được chấp nhận trong một số trường hợp như ghi chú cá nhân, vẽ sơ đồ, hoặc học sinh cần lưu lại thông tin quan trọng – nhưng nên sử dụng phần ghi chú riêng hoặc bản sao để tránh ảnh hưởng đến bản gốc.,,👉 **Kết luận**: Câu nói là **đúng**, vì có những khuyến nghị về việc không nên viết vào sách giáo khoa để bảo đảm tính bền vững và sử dụng lâu dài."
Is this true: Hn là kí hiệu phân hoạt động của học sinh?,"Không, Hn không phải là kí hiệu phân hoạt động của học sinh.,,Trong các hệ thống quản lý học sinh hoặc giáo dục, thường không có kí hiệu ""Hn"" được sử dụng để chỉ ""phân hoạt động"" của học sinh. Cụm từ ""phân hoạt động"" có thể hiểu là việc chia sẻ hoặc phân bổ các hoạt động học tập, nhưng không có chuẩn mực hay quy ước phổ biến nào cho ký hiệu ""Hn"" trong lĩnh vực này.,,Do đó, phát biểu này là **sai**."
Is this true: □ là kí hiệu kết thúc một chứng minh hoặc ví dụ?,"Yes, that is true. In mathematical proofs and logical texts, the symbol □ is commonly used as a ""box"" or ""tombstone"" to denote the end of a proof or example. It is often referred to as the ""Q.E.D."" (Quod Erat Demonstrandum) symbol, meaning ""which was to be demonstrated."" Thus, □ is indeed a standard notation to signify the conclusion of a proof or example."
Is this true: phương trình có dạng √x = 2 - x?,"The statement ""phương trình có dạng √x = 2 - x"" is **true** in the sense that it describes a valid equation (in Vietnamese: ""the equation has the form √x = 2 - x"").,,This is a mathematical equation involving a square root and a linear expression. It is a well-defined equation that can be solved, with the domain restricted to \( x \geq 0 \) because the square root of a negative number is not real.,,To verify if it has real solutions:,,1. Domain: \( x \geq 0 \),2. Solve: \( \sqrt{x} = 2 - x \),,Square both sides:,\[,x = (2 - x)^2 = 4 - 4x + x^2,\],\[,x^2 - 5x + 4 = 0,\],\[,(x - 1)(x - 4) = 0,\],So, \( x = 1 \) or \( x = 4 \),,Check for extraneous solutions:,,- For \( x = 1 \): \( \sqrt{1} = 1 \), \( 2 - 1 = 1 \) → valid,- For \( x = 4 \): \( \sqrt{4} = 2 \), \( 2 - 4 = -2 \) → not equal → invalid,,Thus, the only solution is \( x = 1 \),,✅ Therefore, the equation \( \sqrt{x} = 2 - x \) is valid and correctly described.,,**Final answer: Yes, this is true.**"
Is this true: phương trình bình phương hai vế phương trình mới?,"Câu hỏi: ""Phương trình bình phương hai vế phương trình mới?"" không rõ ràng và thiếu ngữ cảnh để đánh giá tính đúng sai.,,Tuy nhiên, nếu hiểu theo nghĩa: *""Khi bình phương hai vế của một phương trình, ta có được một phương trình mới?""* — thì câu này **đúng**.,,**Giải thích:**  ,Khi bình phương cả hai vế của một phương trình, ta luôn thu được một phương trình mới (có thể tương đương hoặc có nghiệm khác, tùy vào trường hợp). Ví dụ:,,- Phương trình: \( x = 3 \)  ,  Bình phương hai vế: \( x^2 = 9 \) → Đây là một phương trình mới.,,Tuy nhiên, việc bình phương có thể **thêm nghiệm ngoại lai** (nghiệm không thỏa mãn phương trình gốc), nên cần kiểm tra nghiệm sau khi giải.,,👉 **Kết luận:** Câu ""phương trình bình phương hai vế phương trình mới?"" là **đúng** nếu hiểu là: *Việc bình phương hai vế của một phương trình sẽ tạo ra một phương trình mới*.  ,,✅ **Đáp án: Đúng.**"
Is this true: phương trình mới có dạng x = 4 - 4x + x²?,"The statement ""phương trình mới có dạng x = 4 - 4x + x²"" (translated: ""The new equation has the form x = 4 - 4x + x²"") is **not necessarily true** without additional context.,,Let’s analyze it mathematically:,,Start with the given equation:,,$$,x = 4 - 4x + x^2,$$,,Bring all terms to one side to see if it simplifies to a standard quadratic form:,,$$,x - (4 - 4x + x^2) = 0,$$,$$,x - 4 + 4x - x^2 = 0,$$,$$,5x - 4 - x^2 = 0,$$,$$,-x^2 + 5x - 4 = 0,$$,or,$$,x^2 - 5x + 4 = 0,$$,,This is a valid quadratic equation. So, **the equation x = 4 - 4x + x² is equivalent to a quadratic equation**, and thus it is a **mathematically valid form**.,,However, the original statement says ""phương trình mới có dạng x = 4 - 4x + x²"" — meaning ""the new equation has the form x = 4 - 4x + x²"". Whether this is *true* depends on what the ""new equation"" refers to. If it is derived from a previous step, we would need more context.,,**Conclusion**:  ,If the question is simply whether the equation *x = 4 - 4x + x²* is a valid form, then **yes, it is a valid equation** (it simplifies to a quadratic).  ,But if the claim is that *this is the form of a new equation without justification*, then **it is not necessarily true** without context.,,✅ Final answer: **It is not inherently true without context, but the equation itself is mathematically valid.**"
Is this true: phương trình mới gồm các vế x?,"Câu hỏi: ""Phương trình mới gồm các vế x?""  ,Câu này không rõ ràng và thiếu bối cảnh. Để đánh giá tính đúng sai, cần biết:,,- ""Phương trình mới"" là gì? (Từ đâu, có ví dụ không?),- ""Các vế x"" có nghĩa là gì? Có thể hiểu là các vế chứa biến x, hoặc các vế đều là x?,,Nếu hiểu theo nghĩa thông thường:,,- Một phương trình có thể có nhiều vế, và mỗi vế có thể chứa biến x hoặc không.,- Nếu phương trình mới **gồm các vế chứa x**, thì có thể đúng, tùy vào nội dung cụ thể.,,Tuy nhiên, câu hỏi không cung cấp đủ thông tin để khẳng định điều đó là đúng hay sai.,,👉 **Kết luận**: Câu này **không đủ thông tin để xác định tính đúng sai**.  ,Vì vậy, **không thể khẳng định rằng nó là đúng**.,,✅ **Phản hồi phù hợp**:  ,Không thể xác định tính đúng sai của câu này vì thiếu thông tin cụ thể về phương trình mới và cách hiểu ""các vế x""."
Is this true: phương trình mới gồm các vế 4 - 4x + x²?,"Câu hỏi: ""Is this true: phương trình mới gồm các vế 4 - 4x + x²?"",,Trước hết, cần hiểu rõ nội dung câu hỏi. Câu này là tiếng Việt, dịch sang tiếng Anh là: ""Is it true that the new equation consists of the terms 4 - 4x + x²?"",,Tuy nhiên, câu này không đủ rõ ràng để xác định tính đúng sai, vì:,,- ""Phương trình mới"" (the new equation) không được định nghĩa rõ – không nói rõ phương trình đó là gì, hay được tạo ra từ đâu.,- ""Gồm các vế 4 - 4x + x²"" – cụm từ này có thể hiểu là phương trình có vế trái hoặc vế phải là biểu thức 4 - 4x + x², nhưng không nói rõ có phải là toàn bộ phương trình hay chỉ một phần.,,Vì vậy, **không thể khẳng định rằng điều này đúng hay sai** chỉ dựa trên thông tin đã cho.,,👉 **Kết luận**: Câu này **không đủ thông tin để xác định tính đúng sai**.,,✅ **Phản hồi phù hợp**:  ,Không thể xác định tính đúng sai của câu này vì thiếu thông tin về phương trình mới và bối cảnh xuất phát. Cần thêm chi tiết để đánh giá."
Is this true: x là biến phương trình?,"The statement ""x là biến phương trình"" is true in the context of Vietnamese mathematical language.,,In Vietnamese, ""x là biến phương trình"" translates to ""x is a variable in an equation."" This is correct because in algebra, a variable (like x) is a symbol used to represent an unknown value in an equation. So, in a typical equation such as 2x + 3 = 7, x is indeed a variable.,,Therefore, the statement is **true**. ✅"
Is this true: 2 là hằng số phương trình?,"The statement ""2 là hằng số phương trình"" (which translates to ""2 is a constant equation"" in English) is not accurate or properly worded in mathematical terms.,,In mathematics:,- A **constant** is a fixed value (like 2).,- An **equation** is a statement that two expressions are equal (e.g., \( x + 2 = 5 \)).,,So, ""2"" is a **constant**, not an equation. You cannot say ""2 is a constant equation"" because an equation involves an equality between expressions.,,✅ Correct statement: ""2 is a constant."",,❌ Incorrect statement: ""2 is a constant equation."",,**Answer: No, this is not true.**"
Is this true: 4 là hằng số phương trình mới?,"Câu hỏi ""4 là hằng số phương trình mới?"" không rõ ràng và có thể bị hiểu nhầm về mặt ngôn ngữ hoặc toán học.,,Trong toán học, ""hằng số"" (constant) là một giá trị cố định không thay đổi, trong khi ""phương trình"" là một mệnh đề toán học chứa các biến và các phép toán. Việc nói ""4 là hằng số phương trình mới"" là không chính xác về mặt ngữ nghĩa.,,- ""4"" là một hằng số số học.,- Nó không tự động trở thành ""hằng số của một phương trình mới"" chỉ vì nó xuất hiện trong một phương trình.,,Do đó, câu này **không đúng** nếu hiểu theo nghĩa toán học chuẩn.,,👉 **Trả lời:** Không, điều này không đúng. ""4"" là một hằng số số học, nhưng không thể gọi là ""hằng số phương trình mới"" vì ""phương trình"" là một biểu thức toán học chứ không phải một loại hằng số.,,Nếu bạn có ý định hỏi điều gì đó khác (ví dụ: ""4 có phải là hằng số trong một phương trình mới không?""), vui lòng làm rõ để tôi có thể hỗ trợ tốt hơn."
Is this true: 4x là biểu thức phương trình mới?,"Không, câu nói ""4x là biểu thức phương trình mới"" là **sai**.,,Giải thích:,,- **Biểu thức** là một cụm các số, biến, và các phép toán (như cộng, trừ, nhân, chia) mà không có dấu bằng. Ví dụ: \( 4x \), \( 3x + 5 \), \( x^2 - 2 \) là các **biểu thức**.,,- **Phương trình** là một mệnh đề toán học chứa **dấu bằng** (\( = \)), thể hiện sự bằng nhau giữa hai biểu thức. Ví dụ: \( 4x = 8 \), \( x + 3 = 7 \) là các **phương trình**.,,Do đó, \( 4x \) chỉ là một **biểu thức**, không phải một **phương trình** vì nó không có dấu bằng.,,👉 Kết luận: **Sai**.  ,\( 4x \) là biểu thức, không phải phương trình."
Is this true: x² là biểu thức phương trình mới?,"Không, câu nói ""x² là biểu thức phương trình mới"" là **sai**.,,Giải thích:,,- **Biểu thức** là một cụm các số, biến, và các phép toán (như cộng, trừ, nhân, chia, lũy thừa...) mà không có dấu bằng. Ví dụ: \( x^2 \), \( 2x + 3 \), \( 5 \) là các biểu thức.,,- **Phương trình** là một mệnh đề toán học chứa **dấu bằng** (\( = \)), thể hiện mối quan hệ giữa hai biểu thức. Ví dụ: \( x^2 = 4 \), \( 2x + 1 = 5 \) là các phương trình.,,Do đó, \( x^2 \) chỉ là một **biểu thức**, không phải một **phương trình**. Nó không có dấu bằng, nên không thể là một phương trình.,,👉 Kết luận: **Sai**.  ,Câu ""x² là biểu thức phương trình mới"" là **không đúng** vì \( x^2 \) là biểu thức, không phải phương trình."
Is this true: phương trình mới được tạo ra từ phương trình?,"Câu hỏi: ""Phương trình mới được tạo ra từ phương trình?"" – là một câu hỏi mang tính chất logic hoặc toán học.,,Đáp án: **Có, phương trình mới có thể được tạo ra từ phương trình ban đầu.**,,Giải thích:  ,Trong toán học, từ một phương trình ban đầu, ta có thể thực hiện các phép biến đổi như:  ,- Cộng, trừ, nhân, chia cả hai vế với một biểu thức.  ,- Thay đổi biến số hoặc thay đổi biến phụ.  ,- Đổi vế, rút gọn, biến đổi dạng (ví dụ: chuyển phương trình bậc hai thành dạng hoàn phương).  ,- Kết hợp với các phương trình khác để tạo ra phương trình mới.,,Ví dụ:  ,Từ phương trình \( x + 2 = 5 \), ta có thể tạo ra phương trình mới \( x = 3 \) bằng cách trừ 2 vào cả hai vế.,,Do đó, **điều này là đúng** – phương trình mới có thể được tạo ra từ phương trình ban đầu.,,✅ **Kết luận: True**."
Is this true: các vế gồm x?,"The statement ""các vế gồm x"" is in Vietnamese, which translates to ""the terms include x"" or ""the sides include x."",,However, without additional context—such as a specific equation, mathematical expression, or problem—the statement ""các vế gồm x"" is vague and cannot be determined as true or false.,,Therefore, the statement **cannot be verified as true or false** based on the information provided.,,✅ Final answer: **Not enough information to determine if this is true.**"
Is this true: các vế gồm 4 - 4x + x²?,"The statement ""các vế gồm 4 - 4x + x²"" is not a complete or clear mathematical assertion, and it's not inherently true or false without context.,,However, if we interpret the expression ""4 - 4x + x²"" as a quadratic expression, then it is mathematically valid. In fact, it can be rewritten as:,,$$,x^2 - 4x + 4,$$,,This is a perfect square trinomial:,,$$,x^2 - 4x + 4 = (x - 2)^2,$$,,So, the expression **4 - 4x + x²** is equivalent to **(x - 2)²**, which is true algebraically.,,But the phrase ""các vế gồm 4 - 4x + x²"" (which translates to ""the sides include 4 - 4x + x²"") suggests a comparison or equation involving two sides, which is not clearly defined.,,Therefore, **the statement as written is not fully true or false** due to ambiguity. It is **mathematically valid as an expression**, but **not clearly true as a statement about ""sides""** without additional context.,,✅ Final answer: **The expression 4 - 4x + x² is algebraically correct and equivalent to (x - 2)², but the statement ""các vế gồm 4 - 4x + x²"" is ambiguous and not fully true or false without context.**"
Is this true: bình phương hai vé của một phương trình dẫn đến phương trình hệ quả?,"Không, điều này không đúng.,,Việc ""bình phương hai vế của một phương trình"" không luôn dẫn đến một phương trình hệ quả (tức là một phương trình có nghiệm giống hoặc chứa nghiệm của phương trình gốc, nhưng có thể thêm nghiệm mới – gọi là nghiệm ngoại lai).,,Thực tế, khi bình phương hai vế của một phương trình, ta có thể **thêm nghiệm** vào phương trình mới, vì bình phương một số âm hoặc dương đều cho cùng một giá trị dương. Do đó, phương trình mới có thể có **nhiều nghiệm hơn** so với phương trình gốc.,,Ví dụ:,,Xét phương trình:  ,\[,\sqrt{x} = 2,\]  ,Bình phương hai vế:  ,\[,x = 4,\]  ,Phương trình mới \(x = 4\) có nghiệm đúng với phương trình gốc (vì \(\sqrt{4} = 2\)), nhưng nếu ta xét phương trình:  ,\[,\sqrt{x} = -2,\]  ,thì không có nghiệm thực (vì căn bậc hai không âm), nhưng nếu bình phương:  ,\[,x = 4,\]  ,thì ta lại được nghiệm \(x = 4\), nhưng không thỏa mãn phương trình gốc.,,→ Như vậy, bình phương hai vế có thể **tạo ra nghiệm giả** (nghiệm không thỏa mãn phương trình gốc).,,**Kết luận**: Bình phương hai vế của một phương trình **không dẫn đến phương trình hệ quả** một cách chính xác, mà thường dẫn đến phương trình có **nhiều nghiệm hơn**, trong đó có thể có nghiệm ngoại lai.,,👉 Do đó, câu nói ""bình phương hai vé của một phương trình dẫn đến phương trình hệ quả"" là **sai**."
Is this true: phương trình hệ quả được tạo ra từ phương trình?,"Có, phương trình hệ quả được tạo ra từ phương trình.,,Giải thích: Trong toán học và logic, một **phương trình hệ quả** (hay còn gọi là hệ quả của một phương trình) là một phương trình khác mà **suy ra từ phương trình ban đầu** thông qua các phép biến đổi hợp lệ (như biến đổi đại số, suy luận logic, hoặc các quy tắc toán học). Nếu một phương trình A đúng, và từ A ta có thể suy ra được phương trình B, thì B được gọi là **hệ quả của A**.,,Ví dụ:  ,Từ phương trình \( x + 2 = 5 \), ta có thể suy ra \( x = 3 \).  ,Vậy \( x = 3 \) là một phương trình hệ quả của \( x + 2 = 5 \).,,Do đó, câu nói ""phương trình hệ quả được tạo ra từ phương trình"" là **đúng**. ✅"
Is this true: phương trình hệ quả khác với phương trình tương đương?,"Có, phương trình hệ quả khác với phương trình tương đương.,,- **Phương trình tương đương** là hai phương trình có cùng tập nghiệm. Nghĩa là, nếu một phương trình có nghiệm thì phương trình kia cũng có nghiệm tương ứng và ngược lại. Ký hiệu: \( A \Leftrightarrow B \).,,- **Phương trình hệ quả** là phương trình mới được suy ra từ phương trình ban đầu bằng cách thực hiện các phép biến đổi (như bình phương, chia, nhân, thay đổi điều kiện...) mà có thể làm mất đi một số nghiệm hoặc làm thay đổi tập nghiệm. Do đó, nghiệm của phương trình mới sẽ là một tập con của nghiệm của phương trình ban đầu. Ký hiệu: \( A \Rightarrow B \), nhưng \( B \not\Rightarrow A \).,,Ví dụ:  ,Từ phương trình \( x = 2 \), nếu bình phương hai vế ta được \( x^2 = 4 \).  ,- Phương trình \( x^2 = 4 \) là **phương trình hệ quả** của \( x = 2 \), vì mọi nghiệm của \( x = 2 \) đều là nghiệm của \( x^2 = 4 \), nhưng \( x^2 = 4 \) có thêm nghiệm \( x = -2 \).,,Do đó, **phương trình hệ quả không tương đương** với phương trình ban đầu.,,👉 Kết luận: **Đúng**, phương trình hệ quả khác với phương trình tương đương."
Is this true: nếu hai vé của phương trình luôn cùng dấu thì phương trình hệ quả là phương trình tương đương?,"Câu hỏi: *""Nếu hai vé của phương trình luôn cùng dấu thì phương trình hệ quả là phương trình tương đương?""*  ,,**Phân tích:**  ,Câu này có vẻ như có lỗi về ngôn ngữ hoặc diễn đạt không chính xác. Cụ thể:,,- ""Hai vé của phương trình"" – từ ""vé"" không phải là thuật ngữ toán học, có thể là lỗi chính tả hoặc dịch sai. Có lẽ người hỏi muốn nói đến **hai vế của phương trình** (tức là vế trái và vế phải).,- ""Luôn cùng dấu"" – nếu hiểu là hai vế luôn cùng dấu (ví dụ: cả hai vế đều dương hoặc đều âm), thì điều này không đảm bảo rằng hai phương trình là **tương đương**.,- Một phương trình được gọi là **tương đương** với phương trình khác nếu chúng có cùng tập nghiệm.,,**Ví dụ minh họa:**  ,Xét phương trình:  ,\( x + 1 = 0 \) và \( x^2 + 2x + 1 = 0 \)  ,→ Cả hai phương trình đều có nghiệm \( x = -1 \), nên chúng tương đương.  ,Tuy nhiên, nếu xét:  ,\( x = 1 \) và \( x^2 = 1 \)  ,→ Hai phương trình có nghiệm khác nhau (vì \( x^2 = 1 \) có nghiệm \( x = \pm1 \)), nên không tương đương.  ,Mặc dù hai vế có thể cùng dấu trong một số trường hợp, nhưng điều đó không đảm bảo tương đương.,,**Kết luận:**  ,→ Việc hai vế của phương trình luôn cùng dấu **không đủ** để kết luận rằng phương trình hệ quả là phương trình tương đương.,,**Đáp án đúng là: Không, điều này không đúng.**,,👉 **Phản hồi phù hợp:**  ,**Không, điều này không đúng. Việc hai vế của phương trình luôn cùng dấu không đảm bảo rằng phương trình hệ quả là phương trình tương đương. Hai phương trình chỉ được coi là tương đương nếu chúng có cùng tập nghiệm.**"
Is this true: phép biến đổi dẫn đến phương trình hệ quả?,"The statement ""phép biến đổi dẫn đến phương trình hệ quả"" (which translates to ""A transformation leads to a consequent equation"") is **context-dependent** and not universally true.,,In mathematics or physics, a **transformation** (such as a coordinate change, symmetry transformation, or functional transformation) can lead to a **new equation** or a **modified form** of an existing equation. In some cases, this new equation may be considered a **consequence** or **result** of the original one — hence, it could be interpreted as a ""consequent equation."",,However, whether this is ""true"" depends on the context:,,- In **mathematical transformations** (e.g., Laplace transform, Fourier transform), the transformation changes the form of an equation, and the resulting equation is a consequence of the original under the transformation rules.,- In **physics**, such as in relativity or quantum mechanics, transformations (e.g., Lorentz transformation) lead to equivalent equations in different frames — these are often seen as consequences of the invariance of physical laws.,,Therefore, **in many contexts, yes, a transformation can lead to a consequent equation** — so the statement is **generally true** in appropriate mathematical or physical settings.,,✅ Final answer: **Yes, this is generally true** — a transformation can lead to a consequent equation, depending on the context."
Is this true: sau khi giải phương trình hệ quả cần kiểm tra lại nghiệm ngoại lai?,"Có, điều này đúng. Sau khi giải phương trình hệ quả (hay phương trình dẫn đến từ một phương trình ban đầu), cần kiểm tra lại các nghiệm ngoại lai (nghiệm ngoại lai là nghiệm không thỏa mãn điều kiện ban đầu hoặc không nằm trong tập nghiệm hợp lệ của phương trình gốc). Điều này là do quá trình giải phương trình, đặc biệt là khi sử dụng các phép biến đổi như bình phương hai vế, chia, hoặc thay đổi biến, có thể tạo ra các nghiệm giả (nghiệm ngoại lai). Việc kiểm tra lại nghiệm giúp đảm bảo rằng chỉ các nghiệm thực sự thỏa mãn phương trình gốc được chấp nhận."
Is this true: nghiệm ngoại lai phải được loại bỏ trong phương trình gốc?,"Câu nói ""nghiệm ngoại lai phải được loại bỏ trong phương trình gốc"" **không hoàn toàn chính xác**.,,Giải thích:,,- **Nghiệm ngoại lai** (hay còn gọi là nghiệm ngoại lai, nghiệm giả) là những nghiệm được tìm ra trong quá trình giải phương trình, nhưng **không thỏa mãn phương trình gốc**. Chúng thường xuất hiện khi thực hiện các phép biến đổi như nhân cả hai vế với một biểu thức có thể bằng 0, hoặc khi giải phương trình chứa căn, phân thức, v.v.,,- Do đó, **nghiệm ngoại lai không nên được ""loại bỏ trong phương trình gốc""**, mà nên **kiểm tra lại xem chúng có thỏa mãn phương trình gốc hay không**. Nếu không thỏa mãn, thì phải loại bỏ chúng.,,👉 Vì vậy, câu nói đúng hơn là:  ,**""Các nghiệm ngoại lai phải được kiểm tra và loại bỏ nếu không thỏa mãn phương trình gốc.""**,,✅ Kết luận: **Sai** – vì việc ""loại bỏ trong phương trình gốc"" không phải là cách đúng đắn. Việc cần làm là **kiểm tra** và **loại bỏ nếu không thỏa mãn**.,,**Đáp án: Không đúng.**"
Is this true: phương trình có dạng f(x) = g(x)?,"The statement ""phương trình có dạng f(x) = g(x)"" (which translates to ""the equation is of the form f(x) = g(x)"") is **true** in general.,,In mathematics, an equation that compares two functions—where one function of x is set equal to another function of x—is commonly written in the form **f(x) = g(x)**. This form is used to represent a wide variety of equations, such as:,,- Solving for x when two expressions are equal,,- Finding intersection points of two functions,,- Analyzing symmetry or behavior of functions.,,Therefore, saying that an equation has the form f(x) = g(x) is a valid and standard way to describe such equations.,,✅ **Conclusion**: Yes, this is true."
Is this true: phương trình hệ quả có dạng [f(x)]^2 = [g(x)]^2?,"No, this is not true in general.,,The equation $[f(x)]^2 = [g(x)]^2$ is **not** the general form of a ""phương trình hệ quả"" (consequence equation) in mathematics. Instead, this equation is equivalent to:,,$$,[f(x)]^2 - [g(x)]^2 = 0 \quad \text{or} \quad (f(x) - g(x))(f(x) + g(x)) = 0,$$,,This means that the solutions are $f(x) = g(x)$ or $f(x) = -g(x)$.,,While such an equation may arise as a **consequence** of squaring both sides of an equation (e.g., when solving $f(x) = \pm g(x)$), it is **not** the definition or general form of a ""phương trình hệ quả"" (which typically refers to an equation derived from another equation, often through logical or algebraic manipulation).,,Therefore, saying that ""phương trình hệ quả có dạng $[f(x)]^2 = [g(x)]^2$"" is **incorrect** as a general statement.,,✅ Correct response: **No, this is not true.**"
Is this true: phương trình có dạng |x - 1| = x - 3?,"The equation \( |x - 1| = x - 3 \) is **not true for all values of \( x \)**, but it **can be true for certain values** depending on the domain.,,Let's analyze it step by step:,,The absolute value function \( |x - 1| \) behaves differently depending on the value of \( x \):,,1. **Case 1: \( x - 1 \geq 0 \) → \( x \geq 1 \)**  ,   Then \( |x - 1| = x - 1 \), so the equation becomes:  ,   \[,   x - 1 = x - 3,   \]  ,   Subtract \( x \) from both sides:  ,   \[,   -1 = -3,   \]  ,   This is **false**. So, no solution in this case.,,2. **Case 2: \( x - 1 < 0 \) → \( x < 1 \)**  ,   Then \( |x - 1| = -(x - 1) = -x + 1 \), so the equation becomes:  ,   \[,   -x + 1 = x - 3,   \]  ,   Solve for \( x \):  ,   \[,   1 + 3 = x + x \Rightarrow 4 = 2x \Rightarrow x = 2,   \]  ,   But \( x = 2 \) is **not less than 1**, so it does **not satisfy the condition** \( x < 1 \).  ,   Therefore, this solution is **invalid**.,,✅ Conclusion: There is **no value of \( x \)** that satisfies the equation \( |x - 1| = x - 3 \).,,### Final Answer: **False** — the equation is not true for any real number \( x \)."
Is this true: |x - 1| = x - 3 là một ví dụ của phương trình?,"Yes, the equation |x - 1| = x - 3 is an example of an equation.,,Explanation:  ,An equation is a mathematical statement that asserts the equality of two expressions. The given expression |x - 1| = x - 3 involves an absolute value on the left side and a linear expression on the right side. Since it contains an equality sign (=), it qualifies as an equation. Therefore, the statement is true."
Is this true: |x - 1| = x - 3 được giải bằng cách bình phương hai vé?,"No, that is not true.,,The equation |x - 1| = x - 3 is **not** solved by ""bình phương hai vế"" (squaring both sides).,,Let’s analyze it properly:,,We are solving:  ,|x - 1| = x - 3,,### Step 1: Understand the absolute value,The expression |x - 1| depends on the value of x:,,- If x - 1 ≥ 0 (i.e., x ≥ 1), then |x - 1| = x - 1  ,- If x - 1 < 0 (i.e., x < 1), then |x - 1| = -(x - 1) = -x + 1,,We must consider these two cases.,,---,,### Case 1: x ≥ 1  ,Then |x - 1| = x - 1  ,So the equation becomes:  ,x - 1 = x - 3  ,Subtract x from both sides:  ,-1 = -3 → False,,No solution in this case.,,---,,### Case 2: x < 1  ,Then |x - 1| = -x + 1  ,So the equation becomes:  ,-x + 1 = x - 3  ,Bring all terms to one side:  ,1 + 3 = x + x  ,4 = 2x  ,x = 2,,But wait — in this case, we assumed x < 1.  ,x = 2 is **not less than 1**, so it is **not valid** in this case.,,---,,### Conclusion:,There is **no solution** to the equation |x - 1| = x - 3.,,Also, **squaring both sides** is not the correct or appropriate method here, especially because the right-hand side (x - 3) must be non-negative for the equation to have a solution (since absolute value is always ≥ 0).  ,So x - 3 ≥ 0 → x ≥ 3.,,But if x ≥ 3, then |x - 1| = x - 1, so the equation becomes:  ,x - 1 = x - 3 → -1 = -3 → contradiction.,,So again, no solution.,,### Final Answer:,**No, it is not true.** The equation |x - 1| = x - 3 is **not** solved by squaring both sides. In fact, it has **no solution**."
Is this true: bình phương hai vé là một phép biến đổi trên phương trình?,"Không, ""bình phương hai vé là một phép biến đổi trên phương trình"" không đúng.,,Câu này có vẻ như là một sự dịch sai hoặc sai ngữ pháp, có thể do hiểu lầm từ tiếng Việt. ""Bình phương hai vé"" không phải là một khái niệm toán học hợp lệ. Trong toán học, ""bình phương"" thường chỉ việc nhân một số với chính nó (ví dụ: \( x^2 \)), và ""phép biến đổi trên phương trình"" có thể hiểu là một thao tác thay đổi các thành phần của phương trình (như nhân cả hai vế với một số, thêm một số vào cả hai vế, v.v.).,,Tuy nhiên, việc ""bình phương hai vế"" của một phương trình là một phép biến đổi hợp lệ và thường được sử dụng trong giải phương trình (ví dụ: khi giải phương trình chứa căn bậc hai). Ví dụ:,,\[,\sqrt{x} = 3 \Rightarrow (\sqrt{x})^2 = 3^2 \Rightarrow x = 9,\],,Ở đây, bình phương cả hai vế là một phép biến đổi hợp lệ, nhưng chỉ được thực hiện khi đảm bảo rằng các điều kiện (như giá trị không âm) được thỏa mãn.,,Vì vậy, nếu câu hỏi được hiểu là: *""Bình phương cả hai vế là một phép biến đổi trên phương trình?""* thì câu trả lời là: **Đúng**.,,Nhưng với cách diễn đạt ""bình phương hai vé"" (sai chính tả hoặc dịch sai), thì câu này **không đúng** theo nghĩa chính xác.,,👉 **Kết luận**: Câu ""bình phương hai vé là một phép biến đổi trên phương trình"" là **sai** do cách diễn đạt không chính xác."
Is this true: phương trình hệ quả có thể chứa nghiệm ngoại lai?,"Có, phương trình hệ quả có thể chứa nghiệm ngoại lai.,,Giải thích: Khi giải một phương trình bằng cách thực hiện các phép biến đổi (như bình phương hai vế, nhân với một biểu thức, hoặc thay thế bằng một phương trình khác), ta có thể tạo ra các nghiệm mới không phải là nghiệm của phương trình gốc. Những nghiệm này gọi là **nghiệm ngoại lai** (hay nghiệm phụ thuộc vào phép biến đổi). Do đó, cần kiểm tra lại từng nghiệm để xem nó có thỏa mãn phương trình gốc hay không.,,Ví dụ: Giải phương trình \(\sqrt{x} = -1\). Bình phương hai vế ta được \(x = 1\), nhưng \(x = 1\) không thỏa mãn phương trình gốc vì căn bậc hai của 1 là 1, không thể bằng -1. Vậy \(x = 1\) là nghiệm ngoại lai.,,→ Kết luận: **Đúng**, phương trình hệ quả có thể chứa nghiệm ngoại lai."
Is this true: nghiệm ngoại lai không thỏa mãn phương trình gốc?,"Câu nói ""nghiệm ngoại lai không thỏa mãn phương trình gốc"" là **đúng** trong ngữ cảnh toán học.,,Giải thích:,,- ""Nghiệm ngoại lai"" (hay còn gọi là nghiệm ngoại lai, nghiệm giả, hoặc nghiệm phụ thuộc vào điều kiện thêm) thường được hiểu là nghiệm được tìm ra từ một phương trình biến đổi, thay đổi hoặc mở rộng (ví dụ: khi nhân cả hai vế với một biểu thức có thể bằng 0, hoặc khi giải phương trình bậc cao bằng cách phân tích, hoặc khi giải phương trình chứa căn, phân thức, v.v.).,,- Khi biến đổi phương trình (ví dụ: bình phương hai vế, nhân với một biểu thức có thể bằng 0), ta có thể **tạo ra các nghiệm mới** không tồn tại trong phương trình gốc — những nghiệm này gọi là **nghiệm ngoại lai**.,,- Những nghiệm này **không thỏa mãn phương trình gốc**, vì chúng có thể làm cho biểu thức trong phương trình gốc không xác định (ví dụ: chia cho 0, căn âm, v.v.).,,👉 Do đó, **nghiệm ngoại lai không thỏa mãn phương trình gốc** là một nguyên tắc quan trọng khi giải phương trình, đặc biệt là các phương trình chứa căn, phân thức, hoặc phương trình mũ, logarit.,,✅ Kết luận: **Đúng**."
Is this true: none none none?,"The statement ""none none none?"" is not meaningful or grammatically coherent, as ""none"" repeated without context or structure does not form a valid proposition or question. Therefore, it is not true in any logical or factual sense—because it lacks meaning or truth conditions.,,So, the answer is: **No, it is not true**—because the statement is nonsensical."
Is this true: phương trình một ẩn là mệnh đề chứa biến?,"Có, phương trình một ẩn là một mệnh đề chứa biến.,,Giải thích: Một phương trình một ẩn là một mệnh đề toán học chứa một biến số (thường là x) và một biểu thức bằng nhau, ví dụ như \( 2x + 3 = 7 \). Tuy nhiên, phương trình này chỉ trở thành một mệnh đề đúng hoặc sai khi ta thay giá trị cụ thể cho biến đó. Vì vậy, nó được xem là một **mệnh đề chứa biến** — tức là giá trị chân lý của nó phụ thuộc vào giá trị của biến.,,Do đó, phát biểu ""phương trình một ẩn là mệnh đề chứa biến"" là **đúng**. ✅"
Is this true: phương trình một ẩn chứa f(x) = g(x)?,"Không, điều này không đúng.,,Phương trình một ẩn không nhất thiết phải có dạng \( f(x) = g(x) \). Phương trình một ẩn là phương trình chứa một biến số (thường là \( x \)) và chỉ có một biến số đó. Dạng \( f(x) = g(x) \) là một cách biểu diễn cụ thể của phương trình một ẩn, nhưng không phải là dạng duy nhất.,,Ví dụ, phương trình \( 2x + 3 = 7 \) hay \( x^2 - 4 = 0 \) cũng là phương trình một ẩn, nhưng chúng không phải là dạng \( f(x) = g(x) \) theo nghĩa trực tiếp.,,Tuy nhiên, nếu ta hiểu rằng phương trình một ẩn có thể được viết dưới dạng \( f(x) = g(x) \), thì điều đó là **đúng trong một số trường hợp**, nhưng không phải là **luôn luôn đúng**.,,Vì vậy, câu nói ""phương trình một ẩn chứa \( f(x) = g(x) \)"" là **sai nếu hiểu theo nghĩa tuyệt đối**.,,👉 **Kết luận**: **Sai** – vì không phải mọi phương trình một ẩn đều có dạng \( f(x) = g(x) \)."
Is this true: f(x) = g(x) là phương trình một ẩn?,"Không, câu nói ""f(x) = g(x) là phương trình một ẩn"" **không hoàn toàn đúng**.,,Giải thích:,,- Phương trình một ẩn là phương trình chứa **chỉ một biến số** (thường là x), và ta tìm giá trị của biến đó để phương trình đúng.,- f(x) = g(x) là một phương trình có chứa biến x, nhưng **số lượng ẩn** phụ thuộc vào cách định nghĩa của f(x) và g(x).,,Nếu f(x) và g(x) là các hàm số được xác định bằng các biểu thức chứa **chỉ một biến x**, thì f(x) = g(x) là một phương trình **một ẩn** (vì chỉ có x là biến).,,Tuy nhiên, nếu f(x) và g(x) chứa nhiều biến (ví dụ: f(x, y) = g(x, y)), thì f(x) = g(x) vẫn chỉ xét với biến x, nhưng thực chất phương trình đó có thể **không phải là một phương trình một ẩn** nếu các hàm số có chứa các biến khác mà không được loại bỏ.,,Vì vậy, **điều kiện để f(x) = g(x) là phương trình một ẩn là f(x) và g(x) phải là các hàm số chỉ chứa biến x**.,,👉 **Kết luận**: Câu nói ""f(x) = g(x) là phương trình một ẩn"" **chỉ đúng nếu f(x) và g(x) là các hàm số một biến**. Nếu không có điều kiện đó, thì không đúng.,,✅ **Đáp án đúng là: Không, không phải lúc nào cũng đúng.**"
Is this true: phương trình một ẩn có ẩn số ẩn số?,"Câu hỏi: *""Phương trình một ẩn có ẩn số ẩn số?""* là một câu hỏi mang tính tự nói, có vẻ như là một lỗi về ngôn ngữ hoặc diễn đạt.,,Phân tích:,,- ""Phương trình một ẩn"" nghĩa là phương trình chỉ chứa một biến (ẩn số).,- ""Có ẩn số ẩn số"" là một cách diễn đạt sai hoặc không rõ nghĩa. Câu này lặp lại từ ""ẩn số"" hai lần, khiến nó trở nên mơ hồ và không hợp lý.,,Vì vậy, câu hỏi *""Phương trình một ẩn có ẩn số ẩn số?""* **không đúng** hoặc **không hợp lý** về mặt logic và ngôn ngữ.,,👉 **Trả lời phù hợp:**  ,**Không, điều đó không đúng.** Một phương trình một ẩn chỉ có một ẩn số, không thể có ""ẩn số ẩn số"". Câu này là sai về mặt diễn đạt và logic.,,✅ **Câu trả lời đúng và rõ ràng:**  ,**Sai. Phương trình một ẩn chỉ có một ẩn số, không thể có ""ẩn số ẩn số"".**"
Is this true: ẩn số là biến trong phương trình?,"Có, ""ẩn số"" là một loại biến trong phương trình. Cụ thể, ẩn số là biến chưa biết giá trị, cần được tìm ra để phương trình trở thành đúng. Trong toán học, khi giải phương trình, ta thường tìm giá trị của ẩn số sao cho đẳng thức được thỏa mãn. Ví dụ trong phương trình \(2x + 3 = 7\), \(x\) là ẩn số.,,Vì vậy, câu nói ""ẩn số là biến trong phương trình"" là **đúng**. ✅"
Is this true: phương trình một ẩn có tập xác định tập xác định của phương trình?,"Câu hỏi: *""Phương trình một ẩn có tập xác định tập xác định của phương trình?""* là một câu hỏi mang tính ngữ nghĩa và logic hơi mơ hồ, cần được phân tích kỹ.,,Trước hết, ta cần hiểu rõ các khái niệm:,,- **Phương trình một ẩn**: là một phương trình chứa một biến số (ví dụ: \( x \)), và ta tìm giá trị của biến đó để phương trình đúng.,- **Tập xác định (tập giá trị của biến)**: là tập hợp các giá trị mà biến có thể nhận để phương trình có nghĩa (tức là các giá trị mà phương trình được định nghĩa).,,Tuy nhiên, **""tập xác định của phương trình""** không phải là một khái niệm phổ biến trong toán học như ""tập nghiệm"" hay ""tập xác định của hàm số"". Trong thực tế, ta thường nói:,,- **Tập nghiệm** của phương trình: là tập hợp các giá trị của biến thỏa mãn phương trình.,- **Tập xác định** thường dùng cho **hàm số**, tức là tập các giá trị của biến mà tại đó hàm số được định nghĩa.,,Do đó, câu hỏi: *""Phương trình một ẩn có tập xác định tập xác định của phương trình?""* là **không hợp lý về mặt logic và ngôn ngữ**.,,- ""Có tập xác định"" là điều đúng với một phương trình (nó có một tập giá trị cho biến để phương trình có nghĩa), nhưng nói rằng ""phương trình có tập xác định tập xác định của phương trình"" là **lặp lại và vô nghĩa** – như nói ""một tập có tập của chính nó"".,,👉 **Kết luận**:  ,Câu này **không đúng** hoặc **không hợp lý** về mặt toán học và ngôn ngữ.,,### Trả lời:  ,**Không, điều này không đúng.**  ,Phương trình một ẩn không ""có tập xác định tập xác định của phương trình"" – vì đây là một mệnh đề tự mâu thuẫn hoặc không rõ nghĩa. Ta nên nói về **tập nghiệm** của phương trình, chứ không phải ""tập xác định của phương trình"". Tập xác định thường dùng cho hàm số, không phải cho phương trình.,,✅ **Đáp án: Không đúng.**"
Is this true: tập xác định của phương trình là giao của tập xác định của hàm số f và hàm số g?,"Không, điều đó không đúng.,,Tập xác định của một **phương trình** như \( f(x) = g(x) \) không phải là giao của tập xác định của hai hàm số \( f \) và \( g \), mà là **tập hợp các giá trị \( x \)** sao cho cả hai hàm số \( f(x) \) và \( g(x) \) đều có nghĩa (tức là đều được xác định).,,Tuy nhiên, để phương trình \( f(x) = g(x) \) có nghĩa, thì \( x \) phải thuộc **tập xác định của cả hai hàm số** \( f \) và \( g \). Do đó, **tập xác định của phương trình** \( f(x) = g(x) \) chính là **giao của tập xác định của \( f \) và tập xác định của \( g \)**.,,👉 Vậy, **câu nói trên là đúng**.,,✅ **Đáp án: Đúng**.  ,Tập xác định của phương trình \( f(x) = g(x) \) là giao của tập xác định của hàm số \( f \) và hàm số \( g \)."
Is this true: tập xác định của phương trình được xác định bởi tập xác định của hàm số f?,"Không, điều này không đúng.,,Tập xác định của một **phương trình** không được xác định bởi tập xác định của hàm số \( f \), mà phụ thuộc vào **các điều kiện của phương trình**.,,Cụ thể:,,- **Tập xác định của một hàm số** \( f(x) \) là tập các giá trị \( x \) mà tại đó biểu thức của \( f(x) \) có nghĩa (ví dụ: không chia cho 0, không lấy căn số âm, v.v.).,,- Trong khi đó, **tập xác định của một phương trình** (ví dụ: \( f(x) = g(x) \)) thường là tập các giá trị \( x \) mà **cả hai vế đều có nghĩa**, tức là là giao của tập xác định của \( f(x) \) và tập xác định của \( g(x) \).,,Vì vậy, tập xác định của phương trình **không chỉ đơn thuần là tập xác định của hàm số \( f \)**, mà là tập hợp các giá trị \( x \) mà cả hai vế của phương trình đều xác định.,,👉 **Kết luận**: Câu nói ""tập xác định của phương trình được xác định bởi tập xác định của hàm số \( f \)"" là **sai**."
Is this true: tập xác định của phương trình được xác định bởi tập xác định của hàm số g?,"Không, điều này không đúng.,,Tập xác định của một phương trình không được xác định bởi tập xác định của hàm số \( g \), mà phụ thuộc vào bản chất của phương trình đó.,,Cụ thể:,,- **Tập xác định của một phương trình** là tập hợp các giá trị của biến khiến phương trình có nghĩa (tức là các giá trị mà khi thay vào, phương trình có thể được giải hoặc có nghĩa).,- **Tập xác định của một hàm số** \( g \) là tập hợp các giá trị của biến mà tại đó hàm số được xác định (tức là có thể tính được giá trị).,,Một phương trình có thể chứa nhiều hàm số, hoặc có thể là phương trình chứa biểu thức phức tạp, nên tập xác định của nó thường là giao của các tập xác định của các hàm số tham gia trong phương trình.,,Ví dụ: Phương trình \( \frac{1}{x} + g(x) = 0 \) có tập xác định là tập các \( x \) sao cho \( x \ne 0 \) **và** \( g(x) \) được xác định. Như vậy, tập xác định của phương trình phụ thuộc vào cả \( x \) và \( g(x) \), nhưng không chỉ đơn thuần là tập xác định của \( g \).,,👉 **Kết luận**:  ,**Sai** – Tập xác định của phương trình không được xác định bởi tập xác định của hàm số \( g \), mà là tập các giá trị làm cho phương trình có nghĩa, có thể bao gồm điều kiện từ nhiều hàm số.,,✅ Đáp án: **Không, điều này không đúng.**"
Is this true: f(x) = g(x) là mệnh đề?,"Không, \( f(x) = g(x) \) **không phải** là một mệnh đề.,,**Giải thích:**  ,Một mệnh đề trong logic là một câu khẳng định có thể xác định được tính đúng hoặc sai (đúng hoặc sai), và không phụ thuộc vào giá trị của biến.,,Trong trường hợp \( f(x) = g(x) \), đây là một **phương trình chứa biến \( x \)**. Nó chỉ là một biểu thức, không phải một khẳng định có thể xác định đúng/sai ngay lập tức. Tính đúng hay sai của nó phụ thuộc vào giá trị cụ thể của \( x \).,,Ví dụ:,- Nếu \( f(x) = x^2 \) và \( g(x) = x^2 + 1 \), thì \( f(x) = g(x) \) là **sai** với mọi \( x \).,- Nếu \( f(x) = x + 1 \) và \( g(x) = x + 1 \), thì \( f(x) = g(x) \) là **đúng** với mọi \( x \).,,Tuy nhiên, vì giá trị đúng/sai của \( f(x) = g(x) \) **phụ thuộc vào \( x \)**, nên nó **không phải là một mệnh đề** trong nghĩa logic (mệnh đề phải có giá trị đúng hoặc sai cố định).,,👉 **Kết luận:**  ,**Sai**, \( f(x) = g(x) \) **không phải là mệnh đề**.  ,,✅ Đáp án: **Không, điều này là sai.**"
Is this true: số x₀ là nghiệm của phương trình?,"Câu hỏi ""số x₀ là nghiệm của phương trình?"" là một câu hỏi kiểm tra tính đúng đắn của một khẳng định về nghiệm của một phương trình.,,Để xác định xem câu này có đúng hay không, ta cần biết thêm thông tin cụ thể về phương trình và giá trị x₀. Hiện tại, câu hỏi chỉ đưa ra một câu hỏi chung, không cung cấp phương trình hay giá trị x₀ cụ thể.,,Do đó, **câu này không thể xác định là đúng hay sai** nếu không có thêm bối cảnh.,,👉 **Trả lời phù hợp:**  ,Không thể xác định tính đúng sai của câu ""số x₀ là nghiệm của phương trình?"" mà không biết cụ thể phương trình và giá trị x₀.,,Nếu bạn cung cấp thêm thông tin (ví dụ: phương trình và giá trị x₀), tôi có thể giúp kiểm tra tính đúng đắn."
Is this true: số x₀ thuộc tập xác định của phương trình?,"Câu hỏi: ""Số \( x_0 \) thuộc tập xác định của phương trình?""  ,Để trả lời câu hỏi này, ta cần hiểu rõ khái niệm ""tập xác định của phương trình"".,,**Tập xác định của một phương trình** là tập hợp các giá trị của biến (thường là \( x \)) mà tại đó phương trình có nghĩa, tức là các giá trị mà tại đó các biểu thức trong phương trình được xác định (không chia cho 0, không lấy căn số âm, v.v.).,,Do đó, để xác định liệu \( x_0 \) có thuộc tập xác định hay không, ta cần biết:,,- Phương trình cụ thể là gì?,- Giá trị \( x_0 \) là bao nhiêu?,,Vì trong câu hỏi **không cung cấp phương trình cụ thể hay giá trị của \( x_0 \)**, nên **không thể khẳng định chắc chắn** rằng \( x_0 \) thuộc tập xác định.,,👉 **Kết luận**: Câu nói ""số \( x_0 \) thuộc tập xác định của phương trình"" **không thể xác định là đúng hay sai** nếu không có thêm thông tin.,,✅ **Trả lời phù hợp**:  ,**Không thể xác định tính đúng sai của mệnh đề này vì không có thông tin về phương trình hay giá trị cụ thể của \( x_0 \).**"
Is this true: số x₀ là giá trị của ẩn số?,"Câu nói ""số x₀ là giá trị của ẩn số"" là **đúng** trong một số bối cảnh toán học.,,Giải thích:  ,Trong toán học, **ẩn số** (hay biến số) là một đại lượng chưa biết, thường được ký hiệu bằng chữ như \( x \), \( y \), \( z \),... Trong một số trường hợp, đặc biệt là khi giải phương trình hoặc tìm nghiệm, ta có thể ký hiệu một giá trị cụ thể của ẩn số bằng cách dùng chỉ số như \( x_0 \).  ,,Ví dụ:  ,- Khi giải phương trình \( f(x) = 0 \), nghiệm \( x_0 \) có thể là một giá trị cụ thể của ẩn số \( x \).  ,- Trong các bài toán về giới hạn, đạo hàm, hoặc phương trình vi phân, \( x_0 \) thường chỉ một giá trị ban đầu hoặc nghiệm của phương trình.,,Do đó, **x₀ là một giá trị cụ thể của ẩn số** \( x \), nên câu nói ""số x₀ là giá trị của ẩn số"" là **đúng** trong ngữ cảnh toán học.,,✅ **Kết luận: Đúng.**"
Is this true: mệnh đề đúng được thỏa mãn khi f(x₀) = g(x₀)?,"The statement ""mệnh đề đúng được thỏa mãn khi f(x₀) = g(x₀)"" translates to ""The proposition is true when f(x₀) = g(x₀)"".,,This is **not necessarily true** in general. Whether a proposition is true when f(x₀) = g(x₀) depends on the specific proposition being considered. For example:,,- If the proposition is ""f(x) = g(x) for all x"", then it is true when f(x₀) = g(x₀) **for a particular x₀**, but only at that point — not necessarily for all x.,- If the proposition is ""f(x) > g(x)"", then f(x₀) = g(x₀) would make the proposition false at that point.,- If the proposition is ""f(x) ≥ g(x)"", then f(x₀) = g(x₀) would satisfy it (equality is allowed).,,Therefore, **the truth of a proposition when f(x₀) = g(x₀) cannot be determined solely by this condition** — it depends on the actual content of the proposition.,,✅ **Conclusion**: The statement is **not universally true**. It is **context-dependent**. So, the correct response is:,,**No, this is not necessarily true. The truth of the proposition depends on the specific statement, not just the equality f(x₀) = g(x₀).**"
Is this true: f(x₀) = g(x₀) là mệnh đề đúng?,"Câu ""f(x₀) = g(x₀) là mệnh đề đúng"" **không phải là một khẳng định đúng trong mọi trường hợp**.,,Một mệnh đề đúng (true statement) phải được xác định rõ ràng và đúng với mọi điều kiện hoặc trong bối cảnh cụ thể.,,- Nếu **f và g là hai hàm số**, và **x₀ là một giá trị cụ thể**, thì **f(x₀) = g(x₀)** chỉ là một mệnh đề **có thể đúng hoặc sai**, tùy thuộc vào cách định nghĩa của f và g tại x₀.,- Nếu không có thông tin nào về f, g hay x₀, thì **không thể khẳng định rằng f(x₀) = g(x₀) là mệnh đề đúng**.,,👉 Do đó, **câu này không phải là mệnh đề đúng trong tổng quát**.,,✅ **Phản biện đúng**:  ,**""f(x₀) = g(x₀) là mệnh đề đúng"" là một phát biểu không đúng vì nó không được xác minh trong mọi trường hợp.**  ,Nó chỉ đúng nếu f và g bằng nhau tại x₀, điều này không được đảm bảo.,,👉 **Kết luận**: **Sai** – Câu này **không phải là mệnh đề đúng** trong tổng quát.,,**Đáp án: Sai.** ✅"
Is this true: f(x) là hàm số?,"Câu ""f(x) là hàm số"" là **đúng** trong ngữ cảnh toán học.,,Giải thích:  ,Trong toán học, ký hiệu \( f(x) \) thường được dùng để biểu diễn giá trị của một hàm số \( f \) tại điểm \( x \). Do đó, khi nói ""f(x) là hàm số"", điều này có thể gây hiểu nhầm vì \( f(x) \) là **giá trị** của hàm số tại \( x \), chứ không phải chính hàm số.,,Tuy nhiên, nếu hiểu theo nghĩa **""f(x) biểu diễn một hàm số""**, thì cũng đúng, vì \( f \) là hàm số, và \( f(x) \) là biểu thức của nó.,,Vì vậy, câu ""f(x) là hàm số"" **không hoàn toàn chính xác** nếu hiểu theo nghĩa kỹ thuật.,,👉 **Đáp án đúng là: Không, điều này không đúng.**  ,\( f(x) \) là **giá trị** của hàm số, chứ không phải là hàm số. Hàm số là \( f \), còn \( f(x) \) là kết quả khi thay \( x \) vào.,,✅ **Sửa lại câu đúng:** ""f là hàm số"" hoặc ""f(x) là giá trị của hàm số f tại x"".,,**Kết luận:** Câu ""f(x) là hàm số"" là **sai**."
Is this true: g(x) là hàm số?,"Câu ""g(x) là hàm số"" có thể được xem là **đúng** trong bối cảnh toán học, nếu g(x) được định nghĩa như một biểu thức hoặc quy tắc phân công mỗi giá trị x thuộc một tập hợp vào một giá trị duy nhất.,,Tuy nhiên, để xác định tính đúng đắn của câu này, cần có thêm bối cảnh:  ,- g(x) có được định nghĩa rõ ràng không?  ,- Tập xác định của g(x) là gì?  ,- Có thỏa mãn định nghĩa của hàm số (mỗi x có đúng một giá trị g(x)) không?,,Nếu chỉ nói ""g(x) là hàm số"" mà không có định nghĩa cụ thể, thì đây là một **phát biểu chưa đủ rõ ràng** để khẳng định đúng hay sai.,,👉 **Kết luận**:  ,Câu ""g(x) là hàm số"" **không thể khẳng định là đúng hay sai** nếu không có thêm thông tin về g(x).  ,→ Vì vậy, **không thể nói rằng điều này là đúng** một cách chắc chắn.,,✅ **Phản hồi phù hợp**:  ,**Không, không thể khẳng định rằng ""g(x) là hàm số"" là đúng mà không có định nghĩa cụ thể của g(x).**"
Is this true: phương trình một ẩn được định nghĩa bằng f(x) = g(x)?,"Không, điều đó không đúng.,,Phương trình một ẩn không được định nghĩa bằng \( f(x) = g(x) \).  ,,Thực tế, **phương trình một ẩn** là một phương trình chứa **một biến số** (thường là \( x \)) và được viết dưới dạng **một biểu thức bằng một biểu thức khác**, tức là dạng \( f(x) = g(x) \) **có thể là một cách biểu diễn của phương trình một ẩn**, nhưng **không phải là định nghĩa**.,,**Định nghĩa chính xác** của phương trình một ẩn là:  ,> Một phương trình chứa **chỉ một biến số** (ẩn), trong đó các biểu thức của biến số được đặt ở hai vế và được tìm giá trị của biến số để làm cho phương trình đúng.,,Ví dụ: \( 2x + 3 = 7 \) là một phương trình một ẩn.,,Do đó, nói rằng ""phương trình một ẩn được định nghĩa bằng \( f(x) = g(x) \)"" là **sai**, vì \( f(x) = g(x) \) chỉ là một dạng biểu diễn, không phải định nghĩa.,,👉 **Kết luận**: **Sai**."
Is this true: f(x) có tập xác định tập xác định của hàm số f?,"Câu hỏi: *""Is this true: f(x) có tập xác định tập xác định của hàm số f?""*  ,(dịch nghĩa: ""Is this true: f(x) has the domain of the function f?""),,**Phân tích:**,,- ""Tập xác định"" (domain) của một hàm số \( f(x) \) là tập hợp các giá trị \( x \) mà tại đó hàm số được xác định (tức là có giá trị \( f(x) \) xác định).,,- Câu hỏi đang hỏi: ""f(x) có tập xác định là tập xác định của hàm số f?"" – tức là: ""Does \( f(x) \) have the domain of the function \( f \)?"",,→ Đây là một cách diễn đạt hơi lặp lại và không chính xác về mặt ngôn ngữ. Tuy nhiên, nếu hiểu theo nghĩa logic:,,- Hàm số \( f(x) \) **chính là** hàm số \( f \), nên **tập xác định của \( f(x) \)** chính là **tập xác định của hàm số \( f \)**.,,→ Do đó, câu này **đúng** trong ngữ cảnh toán học.,,---,,**Trả lời:**  ,**Yes, this is true.**  ,The domain of \( f(x) \) is indeed the domain of the function \( f \)."
Is this true: g(x) có tập xác định tập xác định của hàm số g?,"Câu hỏi: *""Is this true: g(x) có tập xác định tập xác định của hàm số g?""*,,Câu này được viết bằng tiếng Việt và có vẻ không rõ ràng về mặt ngữ pháp và logic. Ta phân tích:,,- ""g(x) có tập xác định tập xác định của hàm số g"" – câu này lặp từ ""tập xác định"" hai lần và không có cấu trúc hợp lý.,- Một hàm số \( g(x) \) **có một tập xác định** (tập các giá trị \( x \) mà hàm có nghĩa), và **tập xác định của hàm số \( g \)** là chính tập đó.,,Do đó, việc nói ""g(x) có tập xác định tập xác định của hàm số g"" là **không đúng về mặt logic** vì:,- Không thể nói một hàm số ""có tập xác định"" rồi lại ""có tập xác định của hàm số g"" – điều này là trùng lặp và không hợp lý.,- Câu này giống như nói ""A có B, B của A"" – không có nghĩa.,,👉 **Kết luận**: Câu này **không đúng** hoặc **không hợp lý**.,,**Trả lời phù hợp**:  ,**No, this is not true.**  ,The statement ""g(x) có tập xác định tập xác định của hàm số g"" is illogical and incorrect because a function already has a domain; saying it ""has the domain of its own domain"" is redundant and meaningless."
